{"assets/images/icons8-currency-exchange-100.png":["assets/images/icons8-currency-exchange-100.png"],"assets/images/icons8-currency-exchange-66.png":["assets/images/icons8-currency-exchange-66.png"],"assets/images/icons8-developer-mode-48.png":["assets/images/icons8-developer-mode-48.png"],"assets/images/icons8-feedback-hub-48.png":["assets/images/icons8-feedback-hub-48.png"],"assets/images/icons8-gold-bars-48.png":["assets/images/icons8-gold-bars-48.png"],"assets/images/icons8-money-48.png":["assets/images/icons8-money-48.png"],"assets/images/icons8-phone-96.png":["assets/images/icons8-phone-96.png"],"assets/images/icons8-whatsapp-96.png":["assets/images/icons8-whatsapp-96.png"],"packages/cupertino_icons/assets/CupertinoIcons.ttf":["packages/cupertino_icons/assets/CupertinoIcons.ttf"]}